{
  "model": "Random Forest",
  "optimal_threshold": 0.45000000000000007,
  "metrics_at_optimal": {
    "f1_score": 0.7777777777777778,
    "recall": 0.7424242424242424,
    "precision": 0.8166666666666667,
    "fpr": 0.00025886007436343953
  }
}