{
  "xgboost": {
    "detection_rate": 0.7575757575757576,
    "fpr": 0.001647291382312797,
    "precision": 0.4166666666666667,
    "f1_score": 0.5376344086021506,
    "roc_auc": 0.9611624314876539,
    "pr_auc": 0.7535923218793382,
    "training_time": 1.868562936782837
  },
  "lightgbm": {
    "detection_rate": 0.7878787878787878,
    "fpr": 0.027368569680425472,
    "precision": 0.04279835390946502,
    "f1_score": 0.08118657298985167,
    "roc_auc": 0.886546728165545,
    "pr_auc": 0.42560227440520126,
    "training_time": 1.1746718883514404
  },
  "random_forest": {
    "detection_rate": 0.7272727272727273,
    "fpr": 0.0002353273403303996,
    "precision": 0.8275862068965517,
    "f1_score": 0.7741935483870968,
    "roc_auc": 0.9592279337831652,
    "pr_auc": 0.7446063813356805,
    "training_time": 77.16968107223511
  },
  "best_model": "Random Forest",
  "timestamp": "2026-01-24T18:51:50.055399"
}