{
  "isolation_forest": {
    "best_threshold": 0.55,
    "contamination": 0.0017622653669539998,
    "n_estimators": 100,
    "detection_rate": 0.22727272727272727,
    "fpr": 0.019767496587753564,
    "precision": 0.0,
    "f1_score": 0.0,
    "roc_auc": 0.8915208706826347,
    "pr_auc": 0.013826881924540846
  },
  "z_score": {
    "best_threshold": 0.39999999999999997,
    "detection_rate": 0.030303030303030304,
    "fpr": 0.0004941874146938392
  },
  "training_stats": {
    "train_mean": [
      4.00692753590647e-17,
      2.28967287766084e-18,
      -4.57934575532168e-18,
      -1.1448364388304201e-17,
      -9.15869151064336e-18,
      -1.030352794947378e-17,
      -4.57934575532168e-18,
      -9.15869151064336e-18,
      -1.14483643883042e-18,
      -1.6027710143625882e-17,
      6.86901863298252e-18,
      1.888980124070193e-17,
      1.14483643883042e-18,
      -4.57934575532168e-18,
      -6.86901863298252e-18,
      -4.57934575532168e-18,
      5.7241821941521005e-18,
      -1.030352794947378e-17,
      2.28967287766084e-18,
      1.488287370479546e-17,
      1.71725465824563e-18,
      5.7241821941521005e-18,
      -2.28967287766084e-18,
      2.8620910970760502e-18,
      1.373803726596504e-17,
      2.404156521543882e-17,
      -2.28967287766084e-18,
      4.57934575532168e-18,
      -5.15176397473689e-18,
      6.29660041356731e-17,
      -4.178653001731033e-17,
      -1.1219397100538117e-16,
      1.0675599792093666e-16,
      5.609698550269058e-17,
      -8.58627329122815e-19,
      -3.892443892023428e-17,
      -3.2627838506666973e-17,
      0.0,
      -5.7241821941521005e-18,
      5.953149481918184e-17,
      2.747607453193008e-17,
      2.747607453193008e-17,
      -4.57934575532168e-18,
      1.373803726596504e-16,
      1.373803726596504e-16,
      5.953149481918184e-17,
      -5.209005796678411e-17,
      -1.0761462525005948e-16,
      -7.44143685239773e-18,
      -2.518640165426924e-17,
      6.182116769684269e-17,
      3.2055420287251763e-17,
      8.201679800058556e-18,
      -3.139356172105292e-17,
      6.182116769684269e-17,
      2.2896728776608402e-17,
      -1.71725465824563e-18,
      8.013855071812941e-18,
      1.030352794947378e-16,
      1.14483643883042e-18,
      4.0069275359064704e-18,
      -4.064169357847991e-17,
      -5.7241821941521e-19,
      4.57934575532168e-18,
      -1.0017318839766176e-18,
      -2.2324310557193192e-17,
      2.6617447202807266e-17,
      -6.411084057450353e-17
    ],
    "train_std": [
      1.0,
      1.0,
      1.0,
      1.0,
      1.0,
      1.0,
      1.0,
      1.0,
      1.0,
      1.0,
      1.0,
      1.0,
      1.0,
      1.0,
      0.9999999999999999,
      1.0,
      1.0,
      1.0,
      1.0,
      0.9999999999999999,
      1.0,
      1.0,
      1.0,
      1.0,
      1.0,
      1.0,
      0.9999999999999999,
      1.0,
      1.0,
      1.0,
      1.0,
      1.0,
      1.0,
      1.0,
      0.9999999999999999,
      1.0,
      1.0,
      1.0,
      1.0,
      1.0,
      1.0,
      1.0,
      1.0,
      1.0,
      1.0,
      1.0,
      1.0,
      1.0,
      1.0,
      1.0,
      1.0,
      1.0,
      1.0,
      0.9999999999999999,
      1.0,
      0.9999999999999998,
      1.0,
      0.9999999999999999,
      1.0,
      1.0000000000000002,
      1.0,
      1.0,
      1.0000000000000002,
      1.0,
      0.9999999999999999,
      0.9999999999999999,
      1.0,
      1.0
    ]
  },
  "timestamp": "2026-01-22T19:10:46.773422"
}